id,first_name,last_name,email,city
1,Lyndsay,Truggian,ltruggian0@google.es,Velké Losiny
2,Moore,Werrett,mwerrett1@ox.ac.uk,Inawashiro
3,Aurora,Ewebank,aewebank2@accuweather.com,Xiaohe
4,Ernestus,Dolby,edolby3@nba.com,Ghormach
5,Maggi,Gowland,mgowland4@acquirethisname.com,Dobdoban
6,Trudie,Feaveer,tfeaveer5@alibaba.com,El Carmen
7,Erika,Chantillon,echantillon6@umn.edu,Hörby
8,Tana,Machon,tmachon7@epa.gov,Xinyan
9,Arni,Depka,adepka8@xing.com,Terawas
10,Whitby,Killough,wkillough9@sitemeter.com,Samajie Ewenkeminzu
11,Merilee,Kamiyama,mkamiyamaa@fastcompany.com,Biao
12,Bryce,McLaughlan,bmclaughlanb@blinklist.com,Qarāwat Banī Zayd
13,Odilia,Jelk,ojelkc@house.gov,Arys
14,Ami,Strotton,astrottond@newyorker.com,San Jose
15,Dusty,Methley,dmethleye@163.com,Kolambugan
16,Marjorie,Cominotti,mcominottif@skype.com,Kumo
17,Romeo,Gail,rgailg@businesswire.com,Jaboatão
18,Chryste,Digan,cdiganh@ihg.com,Antony
19,Tressa,Doumerque,tdoumerquei@nhs.uk,Shuigou’ao
20,Jeanie,Jakab,jjakabj@youtu.be,Bacungan
21,Lorne,Apfel,lapfelk@prnewswire.com,Poitiers
22,Austin,Wray,awrayl@blogtalkradio.com,Mahīn
23,Cortney,Aggiss,caggissm@shinystat.com,Idenao
24,Fabien,Lenaghen,flenaghenn@accuweather.com,Bandarbeyla
25,Linell,Langton,llangtono@army.mil,Trondheim
26,Aila,Jowett,ajowettp@nyu.edu,Aserrío de Gariché
27,Briano,Christofol,bchristofolq@symantec.com,Ribeiro
28,Talia,Franken,tfrankenr@skyrock.com,Vođinci
29,James,Goodere,jgooderes@eepurl.com,Chisong
30,Luce,Addie,laddiet@tuttocitta.it,Sop Moei
31,Philipa,Jenkinson,pjenkinsonu@time.com,Kebonsari
32,Tommy,Lunn,tlunnv@typepad.com,Bafatá
33,Annora,Himsworth,ahimsworthw@bravesites.com,Fox Creek
34,Steffen,Armatidge,sarmatidgex@soundcloud.com,Narvacan
35,Pietrek,Knappett,pknappetty@squidoo.com,Åkersberga
36,Barny,Feltham,bfelthamz@spiegel.de,Geneng
37,Lindi,Rigney,lrigney10@wikimedia.org,Fundación
38,Alain,Bride,abride11@google.es,Mojo
39,Goldina,Larkins,glarkins12@rakuten.co.jp,Zhajin
40,Frants,Fiorentino,ffiorentino13@theglobeandmail.com,Xiabuji
41,Barn,Nix,bnix14@nasa.gov,Baiyang
42,Melinda,McGeraghty,mmcgeraghty15@bluehost.com,Zhangjiahe
43,Shayne,Yesichev,syesichev16@lulu.com,Los Cóndores
44,Vladimir,Linnane,vlinnane17@redcross.org,Xixiang
45,Nikolaus,Rolinson,nrolinson18@zimbio.com,Głogów Małopolski
46,Valentia,Wilcockes,vwilcockes19@gnu.org,Uppsala
47,Nicolette,Cattanach,ncattanach1a@alexa.com,Jankomir
48,Taite,Pearse,tpearse1b@bbc.co.uk,Pavlovskaya
49,Nike,Yanshin,nyanshin1c@time.com,Dahe
50,Maryjane,Scoggan,mscoggan1d@1688.com,Zorak
51,Shari,Kensitt,skensitt1e@godaddy.com,Caen
52,Danyelle,Kesterton,dkesterton1f@webnode.com,Kiarajangkung
53,Noelle,Holah,nholah1g@miibeian.gov.cn,Karaidel’
54,Aleta,Ruzek,aruzek1h@ifeng.com,Pedaringan
55,Blondy,Eicke,beicke1i@pagesperso-orange.fr,Tongda
56,Farlay,Feltham,ffeltham1j@issuu.com,Santa Cruz
57,Phillie,Copes,pcopes1k@cnn.com,Padas
58,Alissa,Kubik,akubik1l@elegantthemes.com,La Plaine-Saint-Denis
59,Emmett,Bancroft,ebancroft1m@themeforest.net,Yongdong
60,Yelena,De Clairmont,ydeclairmont1n@privacy.gov.au,Chełmża
61,Deanne,Cakes,dcakes1o@issuu.com,Bunisari
62,Tabb,Jeness,tjeness1p@friendfeed.com,Beigou
63,Stillman,Morrott,smorrott1q@hostgator.com,Străşeni
64,Appolonia,Bortolomei,abortolomei1r@hibu.com,Halle
65,Aubert,Skurray,askurray1s@canalblog.com,Traiguén
66,Elna,Reboulet,ereboulet1t@engadget.com,Kurikka
67,Merola,Eilhertsen,meilhertsen1u@geocities.com,Stockholm
68,Basile,Vasiliu,bvasiliu1v@howstuffworks.com,Kablukan
69,Anson,Tibbetts,atibbetts1w@salon.com,Norrköping
70,Lorain,Demangeot,ldemangeot1x@blogger.com,Zhagang
71,Dolley,Guiet,dguiet1y@baidu.com,Abucay
72,Halsey,Apthorpe,hapthorpe1z@imdb.com,Wonocoyo Utara
73,Marlo,MacAskie,mmacaskie20@diigo.com,Beigang
74,Yance,Egan,yegan21@sphinn.com,Lishan
75,Iosep,Saladine,isaladine22@imdb.com,Antiguo Cuscatlán
76,Lev,Odby,lodby23@tiny.cc,San Gregorio
77,Lebbie,Thornewill,lthornewill24@privacy.gov.au,Des Moines
78,Dela,Chalice,dchalice25@wufoo.com,Nam Kliang
79,Syman,Van Der Weedenburg,svanderweedenburg26@bbc.co.uk,Massaranduba
80,Fiorenze,Wybern,fwybern27@cnbc.com,Priupskiy
81,Lionel,Wolfit,lwolfit28@rediff.com,Bojongsari
82,Marlena,Zamorrano,mzamorrano29@npr.org,Södertälje
83,Alvera,Addington,aaddington2a@a8.net,Bordeaux
84,Linc,Rosita,lrosita2b@hhs.gov,Dalarik
85,Glad,Dore,gdore2c@geocities.com,Murfreesboro
86,Mic,Pirrone,mpirrone2d@qq.com,Hveragerði
87,Emily,Zute,ezute2e@weather.com,Twardogóra
88,Cash,Axtell,caxtell2f@usda.gov,Nyahururu
89,Olav,Davitt,odavitt2g@ezinearticles.com,Cikai
90,Delila,Hargreaves,dhargreaves2h@sphinn.com,Vellinge
91,Rufe,Coulsen,rcoulsen2i@digg.com,Vrangel’
92,Fara,Sidebottom,fsidebottom2j@epa.gov,Babakankalong
93,Tremaine,Dable,tdable2k@rediff.com,Samut Songkhram
94,Hermia,Keijser,hkeijser2l@liveinternet.ru,Khoronk’
95,Curtice,Dobbs,cdobbs2m@goo.gl,Ancahuasi
96,Kristian,Aubin,kaubin2n@xrea.com,Mafraq
97,Jephthah,Turpin,jturpin2o@washingtonpost.com,Imbang
98,Allis,Gell,agell2p@live.com,Dulag
99,Aila,Bolderson,abolderson2q@aboutads.info,Pakemitan Dua
100,Drusie,Gomersall,dgomersall2r@guardian.co.uk,Krásná Lípa
